#Tenant,ID,Contexts,FilterIDs,ActivationInterval,AttributeFilterIDs,FieldName,Type,Value,Blocker,Weight
masmovil,MASMOVIL_SUBJECT_PREFIX_TRANSLATION_TO_ZONE,*cdrs,*prefix:~Subject:262,,,Subject,*constant,ZONE_1,false,0
masmovil,MASMOVIL_SUBJECT_PREFIX_TRANSLATION_TO_ZONE,*cdrs,*prefix:~Subject:30,,,Subject,*constant,ZONE_1,false,0
masmovil,MASMOVIL_SUBJECT_PREFIX_TRANSLATION_TO_ZONE,*cdrs,*prefix:~Subject:31,,,Subject,*constant,ZONE_1,false,0
masmovil,MASMOVIL_SUBJECT_PREFIX_TRANSLATION_TO_ZONE,*cdrs,*prefix:~Subject:32,,,Subject,*constant,ZONE_1,false,0
masmovil,MASMOVIL_SUBJECT_PREFIX_TRANSLATION_TO_ZONE,*cdrs,*prefix:~Subject:33,,,Subject,*constant,ZONE_1,false,0
masmovil,MASMOVIL_SUBJECT_PREFIX_TRANSLATION_TO_ZONE,*cdrs,*prefix:~Subject:34,,,Subject,*constant,ZONE_1,false,0
masmovil,MASMOVIL_SUBJECT_PREFIX_TRANSLATION_TO_ZONE,*cdrs,*prefix:~Subject:350,,,Subject,*constant,ZONE_1,false,0
masmovil,MASMOVIL_SUBJECT_PREFIX_TRANSLATION_TO_ZONE,*cdrs,*prefix:~Subject:351,,,Subject,*constant,ZONE_1,false,0
masmovil,MASMOVIL_SUBJECT_PREFIX_TRANSLATION_TO_ZONE,*cdrs,*prefix:~Subject:352,,,Subject,*constant,ZONE_1,false,0
masmovil,MASMOVIL_SUBJECT_PREFIX_TRANSLATION_TO_ZONE,*cdrs,*prefix:~Subject:353,,,Subject,*constant,ZONE_1,false,0
masmovil,MASMOVIL_SUBJECT_PREFIX_TRANSLATION_TO_ZONE,*cdrs,*prefix:~Subject:354,,,Subject,*constant,ZONE_1,false,0
masmovil,MASMOVIL_SUBJECT_PREFIX_TRANSLATION_TO_ZONE,*cdrs,*prefix:~Subject:356,,,Subject,*constant,ZONE_1,false,0
masmovil,MASMOVIL_SUBJECT_PREFIX_TRANSLATION_TO_ZONE,*cdrs,*prefix:~Subject:357,,,Subject,*constant,ZONE_1,false,0
masmovil,MASMOVIL_SUBJECT_PREFIX_TRANSLATION_TO_ZONE,*cdrs,*prefix:~Subject:358,,,Subject,*constant,ZONE_1,false,0
masmovil,MASMOVIL_SUBJECT_PREFIX_TRANSLATION_TO_ZONE,*cdrs,*prefix:~Subject:359,,,Subject,*constant,ZONE_1,false,0
masmovil,MASMOVIL_SUBJECT_PREFIX_TRANSLATION_TO_ZONE,*cdrs,*prefix:~Subject:36,,,Subject,*constant,ZONE_1,false,0
masmovil,MASMOVIL_SUBJECT_PREFIX_TRANSLATION_TO_ZONE,*cdrs,*prefix:~Subject:370,,,Subject,*constant,ZONE_1,false,0
masmovil,MASMOVIL_SUBJECT_PREFIX_TRANSLATION_TO_ZONE,*cdrs,*prefix:~Subject:371,,,Subject,*constant,ZONE_1,false,0
masmovil,MASMOVIL_SUBJECT_PREFIX_TRANSLATION_TO_ZONE,*cdrs,*prefix:~Subject:372,,,Subject,*constant,ZONE_1,false,0
masmovil,MASMOVIL_SUBJECT_PREFIX_TRANSLATION_TO_ZONE,*cdrs,*prefix:~Subject:385,,,Subject,*constant,ZONE_1,false,0
masmovil,MASMOVIL_SUBJECT_PREFIX_TRANSLATION_TO_ZONE,*cdrs,*prefix:~Subject:386,,,Subject,*constant,ZONE_1,false,0
masmovil,MASMOVIL_SUBJECT_PREFIX_TRANSLATION_TO_ZONE,*cdrs,*prefix:~Subject:39,,,Subject,*constant,ZONE_1,false,0
masmovil,MASMOVIL_SUBJECT_PREFIX_TRANSLATION_TO_ZONE,*cdrs,*prefix:~Subject:40,,,Subject,*constant,ZONE_1,false,0
masmovil,MASMOVIL_SUBJECT_PREFIX_TRANSLATION_TO_ZONE,*cdrs,*prefix:~Subject:420,,,Subject,*constant,ZONE_1,false,0
masmovil,MASMOVIL_SUBJECT_PREFIX_TRANSLATION_TO_ZONE,*cdrs,*prefix:~Subject:421,,,Subject,*constant,ZONE_1,false,0
masmovil,MASMOVIL_SUBJECT_PREFIX_TRANSLATION_TO_ZONE,*cdrs,*prefix:~Subject:423,,,Subject,*constant,ZONE_1,false,0
masmovil,MASMOVIL_SUBJECT_PREFIX_TRANSLATION_TO_ZONE,*cdrs,*prefix:~Subject:43,,,Subject,*constant,ZONE_1,false,0
masmovil,MASMOVIL_SUBJECT_PREFIX_TRANSLATION_TO_ZONE,*cdrs,*prefix:~Subject:44,,,Subject,*constant,ZONE_1,false,0
masmovil,MASMOVIL_SUBJECT_PREFIX_TRANSLATION_TO_ZONE,*cdrs,*prefix:~Subject:45,,,Subject,*constant,ZONE_1,false,0
masmovil,MASMOVIL_SUBJECT_PREFIX_TRANSLATION_TO_ZONE,*cdrs,*prefix:~Subject:46,,,Subject,*constant,ZONE_1,false,0
masmovil,MASMOVIL_SUBJECT_PREFIX_TRANSLATION_TO_ZONE,*cdrs,*prefix:~Subject:47,,,Subject,*constant,ZONE_1,false,0
masmovil,MASMOVIL_SUBJECT_PREFIX_TRANSLATION_TO_ZONE,*cdrs,*prefix:~Subject:48,,,Subject,*constant,ZONE_1,false,0
masmovil,MASMOVIL_SUBJECT_PREFIX_TRANSLATION_TO_ZONE,*cdrs,*prefix:~Subject:49,,,Subject,*constant,ZONE_1,false,0
masmovil,MASMOVIL_SUBJECT_PREFIX_TRANSLATION_TO_ZONE,*cdrs,*prefix:~Subject:590,,,Subject,*constant,ZONE_1,false,0
masmovil,MASMOVIL_SUBJECT_PREFIX_TRANSLATION_TO_ZONE,*cdrs,*prefix:~Subject:594,,,Subject,*constant,ZONE_1,false,0
masmovil,MASMOVIL_SUBJECT_PREFIX_TRANSLATION_TO_ZONE,*cdrs,*prefix:~Subject:596,,,Subject,*constant,ZONE_1,false,0
masmovil,MASMOVIL_SUBJECT_PREFIX_TRANSLATION_TO_ZONE,*cdrs,*prefix:~Subject:1,,,Subject,*constant,ZONE_2,false,0
masmovil,MASMOVIL_SUBJECT_PREFIX_TRANSLATION_TO_ZONE,*cdrs,*prefix:~Subject:1204,,,Subject,*constant,ZONE_2,false,0
masmovil,MASMOVIL_SUBJECT_PREFIX_TRANSLATION_TO_ZONE,*cdrs,*prefix:~Subject:1250,,,Subject,*constant,ZONE_2,false,0
masmovil,MASMOVIL_SUBJECT_PREFIX_TRANSLATION_TO_ZONE,*cdrs,*prefix:~Subject:1306,,,Subject,*constant,ZONE_2,false,0
masmovil,MASMOVIL_SUBJECT_PREFIX_TRANSLATION_TO_ZONE,*cdrs,*prefix:~Subject:1403,,,Subject,*constant,ZONE_2,false,0
masmovil,MASMOVIL_SUBJECT_PREFIX_TRANSLATION_TO_ZONE,*cdrs,*prefix:~Subject:1416,,,Subject,*constant,ZONE_2,false,0
masmovil,MASMOVIL_SUBJECT_PREFIX_TRANSLATION_TO_ZONE,*cdrs,*prefix:~Subject:1418,,,Subject,*constant,ZONE_2,false,0
masmovil,MASMOVIL_SUBJECT_PREFIX_TRANSLATION_TO_ZONE,*cdrs,*prefix:~Subject:1441,,,Subject,*constant,ZONE_2,false,0
masmovil,MASMOVIL_SUBJECT_PREFIX_TRANSLATION_TO_ZONE,*cdrs,*prefix:~Subject:1450,,,Subject,*constant,ZONE_2,false,0
masmovil,MASMOVIL_SUBJECT_PREFIX_TRANSLATION_TO_ZONE,*cdrs,*prefix:~Subject:1506,,,Subject,*constant,ZONE_2,false,0
masmovil,MASMOVIL_SUBJECT_PREFIX_TRANSLATION_TO_ZONE,*cdrs,*prefix:~Subject:1514,,,Subject,*constant,ZONE_2,false,0
masmovil,MASMOVIL_SUBJECT_PREFIX_TRANSLATION_TO_ZONE,*cdrs,*prefix:~Subject:1519,,,Subject,*constant,ZONE_2,false,0
masmovil,MASMOVIL_SUBJECT_PREFIX_TRANSLATION_TO_ZONE,*cdrs,*prefix:~Subject:1604,,,Subject,*constant,ZONE_2,false,0
masmovil,MASMOVIL_SUBJECT_PREFIX_TRANSLATION_TO_ZONE,*cdrs,*prefix:~Subject:1613,,,Subject,*constant,ZONE_2,false,0
masmovil,MASMOVIL_SUBJECT_PREFIX_TRANSLATION_TO_ZONE,*cdrs,*prefix:~Subject:1647,,,Subject,*constant,ZONE_2,false,0
masmovil,MASMOVIL_SUBJECT_PREFIX_TRANSLATION_TO_ZONE,*cdrs,*prefix:~Subject:1705,,,Subject,*constant,ZONE_2,false,0
masmovil,MASMOVIL_SUBJECT_PREFIX_TRANSLATION_TO_ZONE,*cdrs,*prefix:~Subject:1709,,,Subject,*constant,ZONE_2,false,0
masmovil,MASMOVIL_SUBJECT_PREFIX_TRANSLATION_TO_ZONE,*cdrs,*prefix:~Subject:1780,,,Subject,*constant,ZONE_2,false,0
masmovil,MASMOVIL_SUBJECT_PREFIX_TRANSLATION_TO_ZONE,*cdrs,*prefix:~Subject:1787,,,Subject,*constant,ZONE_2,false,0
masmovil,MASMOVIL_SUBJECT_PREFIX_TRANSLATION_TO_ZONE,*cdrs,*prefix:~Subject:1807,,,Subject,*constant,ZONE_2,false,0
masmovil,MASMOVIL_SUBJECT_PREFIX_TRANSLATION_TO_ZONE,*cdrs,*prefix:~Subject:1819,,,Subject,*constant,ZONE_2,false,0
masmovil,MASMOVIL_SUBJECT_PREFIX_TRANSLATION_TO_ZONE,*cdrs,*prefix:~Subject:1867,,,Subject,*constant,ZONE_2,false,0
masmovil,MASMOVIL_SUBJECT_PREFIX_TRANSLATION_TO_ZONE,*cdrs,*prefix:~Subject:1902,,,Subject,*constant,ZONE_2,false,0
masmovil,MASMOVIL_SUBJECT_PREFIX_TRANSLATION_TO_ZONE,*cdrs,*prefix:~Subject:1905,,,Subject,*constant,ZONE_2,false,0
masmovil,MASMOVIL_SUBJECT_PREFIX_TRANSLATION_TO_ZONE,*cdrs,*prefix:~Subject:1939,,,Subject,*constant,ZONE_2,false,0
masmovil,MASMOVIL_SUBJECT_PREFIX_TRANSLATION_TO_ZONE,*cdrs,*prefix:~Subject:212,,,Subject,*constant,ZONE_2,false,0
masmovil,MASMOVIL_SUBJECT_PREFIX_TRANSLATION_TO_ZONE,*cdrs,*prefix:~Subject:213,,,Subject,*constant,ZONE_2,false,0
masmovil,MASMOVIL_SUBJECT_PREFIX_TRANSLATION_TO_ZONE,*cdrs,*prefix:~Subject:216,,,Subject,*constant,ZONE_2,false,0
masmovil,MASMOVIL_SUBJECT_PREFIX_TRANSLATION_TO_ZONE,*cdrs,*prefix:~Subject:298,,,Subject,*constant,ZONE_2,false,0
masmovil,MASMOVIL_SUBJECT_PREFIX_TRANSLATION_TO_ZONE,*cdrs,*prefix:~Subject:355,,,Subject,*constant,ZONE_2,false,0
masmovil,MASMOVIL_SUBJECT_PREFIX_TRANSLATION_TO_ZONE,*cdrs,*prefix:~Subject:376,,,Subject,*constant,ZONE_2,false,0
masmovil,MASMOVIL_SUBJECT_PREFIX_TRANSLATION_TO_ZONE,*cdrs,*prefix:~Subject:377,,,Subject,*constant,ZONE_2,false,0
masmovil,MASMOVIL_SUBJECT_PREFIX_TRANSLATION_TO_ZONE,*cdrs,*prefix:~Subject:381,,,Subject,*constant,ZONE_2,false,0
masmovil,MASMOVIL_SUBJECT_PREFIX_TRANSLATION_TO_ZONE,*cdrs,*prefix:~Subject:382,,,Subject,*constant,ZONE_2,false,0
masmovil,MASMOVIL_SUBJECT_PREFIX_TRANSLATION_TO_ZONE,*cdrs,*prefix:~Subject:383,,,Subject,*constant,ZONE_2,false,0
masmovil,MASMOVIL_SUBJECT_PREFIX_TRANSLATION_TO_ZONE,*cdrs,*prefix:~Subject:387,,,Subject,*constant,ZONE_2,false,0
masmovil,MASMOVIL_SUBJECT_PREFIX_TRANSLATION_TO_ZONE,*cdrs,*prefix:~Subject:389,,,Subject,*constant,ZONE_2,false,0
masmovil,MASMOVIL_SUBJECT_PREFIX_TRANSLATION_TO_ZONE,*cdrs,*prefix:~Subject:41,,,Subject,*constant,ZONE_2,false,0
masmovil,MASMOVIL_SUBJECT_PREFIX_TRANSLATION_TO_ZONE,*cdrs,*prefix:~Subject:90,,,Subject,*constant,ZONE_2,false,0
masmovil,MASMOVIL_SUBJECT_PREFIX_TRANSLATION_TO_ZONE,*cdrs,*prefix:~Subject:1242,,,Subject,*constant,ZONE_3,false,0
masmovil,MASMOVIL_SUBJECT_PREFIX_TRANSLATION_TO_ZONE,*cdrs,*prefix:~Subject:1246,,,Subject,*constant,ZONE_3,false,0
masmovil,MASMOVIL_SUBJECT_PREFIX_TRANSLATION_TO_ZONE,*cdrs,*prefix:~Subject:1268,,,Subject,*constant,ZONE_3,false,0
masmovil,MASMOVIL_SUBJECT_PREFIX_TRANSLATION_TO_ZONE,*cdrs,*prefix:~Subject:1284,,,Subject,*constant,ZONE_3,false,0
masmovil,MASMOVIL_SUBJECT_PREFIX_TRANSLATION_TO_ZONE,*cdrs,*prefix:~Subject:1345,,,Subject,*constant,ZONE_3,false,0
masmovil,MASMOVIL_SUBJECT_PREFIX_TRANSLATION_TO_ZONE,*cdrs,*prefix:~Subject:1473,,,Subject,*constant,ZONE_3,false,0
masmovil,MASMOVIL_SUBJECT_PREFIX_TRANSLATION_TO_ZONE,*cdrs,*prefix:~Subject:1649,,,Subject,*constant,ZONE_3,false,0
masmovil,MASMOVIL_SUBJECT_PREFIX_TRANSLATION_TO_ZONE,*cdrs,*prefix:~Subject:1664,,,Subject,*constant,ZONE_3,false,0
masmovil,MASMOVIL_SUBJECT_PREFIX_TRANSLATION_TO_ZONE,*cdrs,*prefix:~Subject:1671,,,Subject,*constant,ZONE_3,false,0
masmovil,MASMOVIL_SUBJECT_PREFIX_TRANSLATION_TO_ZONE,*cdrs,*prefix:~Subject:1684,,,Subject,*constant,ZONE_3,false,0
masmovil,MASMOVIL_SUBJECT_PREFIX_TRANSLATION_TO_ZONE,*cdrs,*prefix:~Subject:1767,,,Subject,*constant,ZONE_3,false,0
masmovil,MASMOVIL_SUBJECT_PREFIX_TRANSLATION_TO_ZONE,*cdrs,*prefix:~Subject:1808,,,Subject,*constant,ZONE_3,false,0
masmovil,MASMOVIL_SUBJECT_PREFIX_TRANSLATION_TO_ZONE,*cdrs,*prefix:~Subject:1809,,,Subject,*constant,ZONE_3,false,0
masmovil,MASMOVIL_SUBJECT_PREFIX_TRANSLATION_TO_ZONE,*cdrs,*prefix:~Subject:1829,,,Subject,*constant,ZONE_3,false,0
masmovil,MASMOVIL_SUBJECT_PREFIX_TRANSLATION_TO_ZONE,*cdrs,*prefix:~Subject:1849,,,Subject,*constant,ZONE_3,false,0
masmovil,MASMOVIL_SUBJECT_PREFIX_TRANSLATION_TO_ZONE,*cdrs,*prefix:~Subject:1868,,,Subject,*constant,ZONE_3,false,0
masmovil,MASMOVIL_SUBJECT_PREFIX_TRANSLATION_TO_ZONE,*cdrs,*prefix:~Subject:1869,,,Subject,*constant,ZONE_3,false,0
masmovil,MASMOVIL_SUBJECT_PREFIX_TRANSLATION_TO_ZONE,*cdrs,*prefix:~Subject:1876,,,Subject,*constant,ZONE_3,false,0
masmovil,MASMOVIL_SUBJECT_PREFIX_TRANSLATION_TO_ZONE,*cdrs,*prefix:~Subject:20,,,Subject,*constant,ZONE_3,false,0
masmovil,MASMOVIL_SUBJECT_PREFIX_TRANSLATION_TO_ZONE,*cdrs,*prefix:~Subject:218,,,Subject,*constant,ZONE_3,false,0
masmovil,MASMOVIL_SUBJECT_PREFIX_TRANSLATION_TO_ZONE,*cdrs,*prefix:~Subject:220,,,Subject,*constant,ZONE_3,false,0
masmovil,MASMOVIL_SUBJECT_PREFIX_TRANSLATION_TO_ZONE,*cdrs,*prefix:~Subject:221,,,Subject,*constant,ZONE_3,false,0
masmovil,MASMOVIL_SUBJECT_PREFIX_TRANSLATION_TO_ZONE,*cdrs,*prefix:~Subject:222,,,Subject,*constant,ZONE_3,false,0
masmovil,MASMOVIL_SUBJECT_PREFIX_TRANSLATION_TO_ZONE,*cdrs,*prefix:~Subject:223,,,Subject,*constant,ZONE_3,false,0
masmovil,MASMOVIL_SUBJECT_PREFIX_TRANSLATION_TO_ZONE,*cdrs,*prefix:~Subject:224,,,Subject,*constant,ZONE_3,false,0
masmovil,MASMOVIL_SUBJECT_PREFIX_TRANSLATION_TO_ZONE,*cdrs,*prefix:~Subject:225,,,Subject,*constant,ZONE_3,false,0
masmovil,MASMOVIL_SUBJECT_PREFIX_TRANSLATION_TO_ZONE,*cdrs,*prefix:~Subject:226,,,Subject,*constant,ZONE_3,false,0
masmovil,MASMOVIL_SUBJECT_PREFIX_TRANSLATION_TO_ZONE,*cdrs,*prefix:~Subject:227,,,Subject,*constant,ZONE_3,false,0
masmovil,MASMOVIL_SUBJECT_PREFIX_TRANSLATION_TO_ZONE,*cdrs,*prefix:~Subject:228,,,Subject,*constant,ZONE_3,false,0
masmovil,MASMOVIL_SUBJECT_PREFIX_TRANSLATION_TO_ZONE,*cdrs,*prefix:~Subject:229,,,Subject,*constant,ZONE_3,false,0
masmovil,MASMOVIL_SUBJECT_PREFIX_TRANSLATION_TO_ZONE,*cdrs,*prefix:~Subject:230,,,Subject,*constant,ZONE_3,false,0
masmovil,MASMOVIL_SUBJECT_PREFIX_TRANSLATION_TO_ZONE,*cdrs,*prefix:~Subject:232,,,Subject,*constant,ZONE_3,false,0
masmovil,MASMOVIL_SUBJECT_PREFIX_TRANSLATION_TO_ZONE,*cdrs,*prefix:~Subject:233,,,Subject,*constant,ZONE_3,false,0
masmovil,MASMOVIL_SUBJECT_PREFIX_TRANSLATION_TO_ZONE,*cdrs,*prefix:~Subject:234,,,Subject,*constant,ZONE_3,false,0
masmovil,MASMOVIL_SUBJECT_PREFIX_TRANSLATION_TO_ZONE,*cdrs,*prefix:~Subject:235,,,Subject,*constant,ZONE_3,false,0
masmovil,MASMOVIL_SUBJECT_PREFIX_TRANSLATION_TO_ZONE,*cdrs,*prefix:~Subject:236,,,Subject,*constant,ZONE_3,false,0
masmovil,MASMOVIL_SUBJECT_PREFIX_TRANSLATION_TO_ZONE,*cdrs,*prefix:~Subject:237,,,Subject,*constant,ZONE_3,false,0
masmovil,MASMOVIL_SUBJECT_PREFIX_TRANSLATION_TO_ZONE,*cdrs,*prefix:~Subject:238,,,Subject,*constant,ZONE_3,false,0
masmovil,MASMOVIL_SUBJECT_PREFIX_TRANSLATION_TO_ZONE,*cdrs,*prefix:~Subject:239,,,Subject,*constant,ZONE_3,false,0
masmovil,MASMOVIL_SUBJECT_PREFIX_TRANSLATION_TO_ZONE,*cdrs,*prefix:~Subject:240,,,Subject,*constant,ZONE_3,false,0
masmovil,MASMOVIL_SUBJECT_PREFIX_TRANSLATION_TO_ZONE,*cdrs,*prefix:~Subject:241,,,Subject,*constant,ZONE_3,false,0
masmovil,MASMOVIL_SUBJECT_PREFIX_TRANSLATION_TO_ZONE,*cdrs,*prefix:~Subject:243,,,Subject,*constant,ZONE_3,false,0
masmovil,MASMOVIL_SUBJECT_PREFIX_TRANSLATION_TO_ZONE,*cdrs,*prefix:~Subject:244,,,Subject,*constant,ZONE_3,false,0
masmovil,MASMOVIL_SUBJECT_PREFIX_TRANSLATION_TO_ZONE,*cdrs,*prefix:~Subject:245,,,Subject,*constant,ZONE_3,false,0
masmovil,MASMOVIL_SUBJECT_PREFIX_TRANSLATION_TO_ZONE,*cdrs,*prefix:~Subject:246,,,Subject,*constant,ZONE_3,false,0
masmovil,MASMOVIL_SUBJECT_PREFIX_TRANSLATION_TO_ZONE,*cdrs,*prefix:~Subject:247,,,Subject,*constant,ZONE_3,false,0
masmovil,MASMOVIL_SUBJECT_PREFIX_TRANSLATION_TO_ZONE,*cdrs,*prefix:~Subject:248,,,Subject,*constant,ZONE_3,false,0
masmovil,MASMOVIL_SUBJECT_PREFIX_TRANSLATION_TO_ZONE,*cdrs,*prefix:~Subject:249,,,Subject,*constant,ZONE_3,false,0
masmovil,MASMOVIL_SUBJECT_PREFIX_TRANSLATION_TO_ZONE,*cdrs,*prefix:~Subject:250,,,Subject,*constant,ZONE_3,false,0
masmovil,MASMOVIL_SUBJECT_PREFIX_TRANSLATION_TO_ZONE,*cdrs,*prefix:~Subject:251,,,Subject,*constant,ZONE_3,false,0
masmovil,MASMOVIL_SUBJECT_PREFIX_TRANSLATION_TO_ZONE,*cdrs,*prefix:~Subject:252,,,Subject,*constant,ZONE_3,false,0
masmovil,MASMOVIL_SUBJECT_PREFIX_TRANSLATION_TO_ZONE,*cdrs,*prefix:~Subject:253,,,Subject,*constant,ZONE_3,false,0
masmovil,MASMOVIL_SUBJECT_PREFIX_TRANSLATION_TO_ZONE,*cdrs,*prefix:~Subject:254,,,Subject,*constant,ZONE_3,false,0
masmovil,MASMOVIL_SUBJECT_PREFIX_TRANSLATION_TO_ZONE,*cdrs,*prefix:~Subject:255,,,Subject,*constant,ZONE_3,false,0
masmovil,MASMOVIL_SUBJECT_PREFIX_TRANSLATION_TO_ZONE,*cdrs,*prefix:~Subject:256,,,Subject,*constant,ZONE_3,false,0
masmovil,MASMOVIL_SUBJECT_PREFIX_TRANSLATION_TO_ZONE,*cdrs,*prefix:~Subject:257,,,Subject,*constant,ZONE_3,false,0
masmovil,MASMOVIL_SUBJECT_PREFIX_TRANSLATION_TO_ZONE,*cdrs,*prefix:~Subject:258,,,Subject,*constant,ZONE_3,false,0
masmovil,MASMOVIL_SUBJECT_PREFIX_TRANSLATION_TO_ZONE,*cdrs,*prefix:~Subject:260,,,Subject,*constant,ZONE_3,false,0
masmovil,MASMOVIL_SUBJECT_PREFIX_TRANSLATION_TO_ZONE,*cdrs,*prefix:~Subject:261,,,Subject,*constant,ZONE_3,false,0
masmovil,MASMOVIL_SUBJECT_PREFIX_TRANSLATION_TO_ZONE,*cdrs,*prefix:~Subject:263,,,Subject,*constant,ZONE_3,false,0
masmovil,MASMOVIL_SUBJECT_PREFIX_TRANSLATION_TO_ZONE,*cdrs,*prefix:~Subject:264,,,Subject,*constant,ZONE_3,false,0
masmovil,MASMOVIL_SUBJECT_PREFIX_TRANSLATION_TO_ZONE,*cdrs,*prefix:~Subject:265,,,Subject,*constant,ZONE_3,false,0
masmovil,MASMOVIL_SUBJECT_PREFIX_TRANSLATION_TO_ZONE,*cdrs,*prefix:~Subject:266,,,Subject,*constant,ZONE_3,false,0
masmovil,MASMOVIL_SUBJECT_PREFIX_TRANSLATION_TO_ZONE,*cdrs,*prefix:~Subject:267,,,Subject,*constant,ZONE_3,false,0
masmovil,MASMOVIL_SUBJECT_PREFIX_TRANSLATION_TO_ZONE,*cdrs,*prefix:~Subject:268,,,Subject,*constant,ZONE_3,false,0
masmovil,MASMOVIL_SUBJECT_PREFIX_TRANSLATION_TO_ZONE,*cdrs,*prefix:~Subject:2697,,,Subject,*constant,ZONE_3,false,0
masmovil,MASMOVIL_SUBJECT_PREFIX_TRANSLATION_TO_ZONE,*cdrs,*prefix:~Subject:27,,,Subject,*constant,ZONE_3,false,0
masmovil,MASMOVIL_SUBJECT_PREFIX_TRANSLATION_TO_ZONE,*cdrs,*prefix:~Subject:291,,,Subject,*constant,ZONE_3,false,0
masmovil,MASMOVIL_SUBJECT_PREFIX_TRANSLATION_TO_ZONE,*cdrs,*prefix:~Subject:299,,,Subject,*constant,ZONE_3,false,0
masmovil,MASMOVIL_SUBJECT_PREFIX_TRANSLATION_TO_ZONE,*cdrs,*prefix:~Subject:373,,,Subject,*constant,ZONE_3,false,0
masmovil,MASMOVIL_SUBJECT_PREFIX_TRANSLATION_TO_ZONE,*cdrs,*prefix:~Subject:374,,,Subject,*constant,ZONE_3,false,0
masmovil,MASMOVIL_SUBJECT_PREFIX_TRANSLATION_TO_ZONE,*cdrs,*prefix:~Subject:375,,,Subject,*constant,ZONE_3,false,0
masmovil,MASMOVIL_SUBJECT_PREFIX_TRANSLATION_TO_ZONE,*cdrs,*prefix:~Subject:380,,,Subject,*constant,ZONE_3,false,0
masmovil,MASMOVIL_SUBJECT_PREFIX_TRANSLATION_TO_ZONE,*cdrs,*prefix:~Subject:501,,,Subject,*constant,ZONE_3,false,0
masmovil,MASMOVIL_SUBJECT_PREFIX_TRANSLATION_TO_ZONE,*cdrs,*prefix:~Subject:502,,,Subject,*constant,ZONE_3,false,0
masmovil,MASMOVIL_SUBJECT_PREFIX_TRANSLATION_TO_ZONE,*cdrs,*prefix:~Subject:503,,,Subject,*constant,ZONE_3,false,0
masmovil,MASMOVIL_SUBJECT_PREFIX_TRANSLATION_TO_ZONE,*cdrs,*prefix:~Subject:504,,,Subject,*constant,ZONE_3,false,0
masmovil,MASMOVIL_SUBJECT_PREFIX_TRANSLATION_TO_ZONE,*cdrs,*prefix:~Subject:505,,,Subject,*constant,ZONE_3,false,0
masmovil,MASMOVIL_SUBJECT_PREFIX_TRANSLATION_TO_ZONE,*cdrs,*prefix:~Subject:506,,,Subject,*constant,ZONE_3,false,0
masmovil,MASMOVIL_SUBJECT_PREFIX_TRANSLATION_TO_ZONE,*cdrs,*prefix:~Subject:507,,,Subject,*constant,ZONE_3,false,0
masmovil,MASMOVIL_SUBJECT_PREFIX_TRANSLATION_TO_ZONE,*cdrs,*prefix:~Subject:509,,,Subject,*constant,ZONE_3,false,0
masmovil,MASMOVIL_SUBJECT_PREFIX_TRANSLATION_TO_ZONE,*cdrs,*prefix:~Subject:51,,,Subject,*constant,ZONE_3,false,0
masmovil,MASMOVIL_SUBJECT_PREFIX_TRANSLATION_TO_ZONE,*cdrs,*prefix:~Subject:52,,,Subject,*constant,ZONE_3,false,0
masmovil,MASMOVIL_SUBJECT_PREFIX_TRANSLATION_TO_ZONE,*cdrs,*prefix:~Subject:53,,,Subject,*constant,ZONE_3,false,0
masmovil,MASMOVIL_SUBJECT_PREFIX_TRANSLATION_TO_ZONE,*cdrs,*prefix:~Subject:54,,,Subject,*constant,ZONE_3,false,0
masmovil,MASMOVIL_SUBJECT_PREFIX_TRANSLATION_TO_ZONE,*cdrs,*prefix:~Subject:55,,,Subject,*constant,ZONE_3,false,0
masmovil,MASMOVIL_SUBJECT_PREFIX_TRANSLATION_TO_ZONE,*cdrs,*prefix:~Subject:56,,,Subject,*constant,ZONE_3,false,0
masmovil,MASMOVIL_SUBJECT_PREFIX_TRANSLATION_TO_ZONE,*cdrs,*prefix:~Subject:57,,,Subject,*constant,ZONE_3,false,0
masmovil,MASMOVIL_SUBJECT_PREFIX_TRANSLATION_TO_ZONE,*cdrs,*prefix:~Subject:58,,,Subject,*constant,ZONE_3,false,0
masmovil,MASMOVIL_SUBJECT_PREFIX_TRANSLATION_TO_ZONE,*cdrs,*prefix:~Subject:591,,,Subject,*constant,ZONE_3,false,0
masmovil,MASMOVIL_SUBJECT_PREFIX_TRANSLATION_TO_ZONE,*cdrs,*prefix:~Subject:592,,,Subject,*constant,ZONE_3,false,0
masmovil,MASMOVIL_SUBJECT_PREFIX_TRANSLATION_TO_ZONE,*cdrs,*prefix:~Subject:593,,,Subject,*constant,ZONE_3,false,0
masmovil,MASMOVIL_SUBJECT_PREFIX_TRANSLATION_TO_ZONE,*cdrs,*prefix:~Subject:595,,,Subject,*constant,ZONE_3,false,0
masmovil,MASMOVIL_SUBJECT_PREFIX_TRANSLATION_TO_ZONE,*cdrs,*prefix:~Subject:597,,,Subject,*constant,ZONE_3,false,0
masmovil,MASMOVIL_SUBJECT_PREFIX_TRANSLATION_TO_ZONE,*cdrs,*prefix:~Subject:598,,,Subject,*constant,ZONE_3,false,0
masmovil,MASMOVIL_SUBJECT_PREFIX_TRANSLATION_TO_ZONE,*cdrs,*prefix:~Subject:599,,,Subject,*constant,ZONE_3,false,0
masmovil,MASMOVIL_SUBJECT_PREFIX_TRANSLATION_TO_ZONE,*cdrs,*prefix:~Subject:60,,,Subject,*constant,ZONE_3,false,0
masmovil,MASMOVIL_SUBJECT_PREFIX_TRANSLATION_TO_ZONE,*cdrs,*prefix:~Subject:61,,,Subject,*constant,ZONE_3,false,0
masmovil,MASMOVIL_SUBJECT_PREFIX_TRANSLATION_TO_ZONE,*cdrs,*prefix:~Subject:62,,,Subject,*constant,ZONE_3,false,0
masmovil,MASMOVIL_SUBJECT_PREFIX_TRANSLATION_TO_ZONE,*cdrs,*prefix:~Subject:63,,,Subject,*constant,ZONE_3,false,0
masmovil,MASMOVIL_SUBJECT_PREFIX_TRANSLATION_TO_ZONE,*cdrs,*prefix:~Subject:64,,,Subject,*constant,ZONE_3,false,0
masmovil,MASMOVIL_SUBJECT_PREFIX_TRANSLATION_TO_ZONE,*cdrs,*prefix:~Subject:65,,,Subject,*constant,ZONE_3,false,0
masmovil,MASMOVIL_SUBJECT_PREFIX_TRANSLATION_TO_ZONE,*cdrs,*prefix:~Subject:66,,,Subject,*constant,ZONE_3,false,0
masmovil,MASMOVIL_SUBJECT_PREFIX_TRANSLATION_TO_ZONE,*cdrs,*prefix:~Subject:673,,,Subject,*constant,ZONE_3,false,0
masmovil,MASMOVIL_SUBJECT_PREFIX_TRANSLATION_TO_ZONE,*cdrs,*prefix:~Subject:675,,,Subject,*constant,ZONE_3,false,0
masmovil,MASMOVIL_SUBJECT_PREFIX_TRANSLATION_TO_ZONE,*cdrs,*prefix:~Subject:676,,,Subject,*constant,ZONE_3,false,0
masmovil,MASMOVIL_SUBJECT_PREFIX_TRANSLATION_TO_ZONE,*cdrs,*prefix:~Subject:678,,,Subject,*constant,ZONE_3,false,0
masmovil,MASMOVIL_SUBJECT_PREFIX_TRANSLATION_TO_ZONE,*cdrs,*prefix:~Subject:679,,,Subject,*constant,ZONE_3,false,0
masmovil,MASMOVIL_SUBJECT_PREFIX_TRANSLATION_TO_ZONE,*cdrs,*prefix:~Subject:684,,,Subject,*constant,ZONE_3,false,0
masmovil,MASMOVIL_SUBJECT_PREFIX_TRANSLATION_TO_ZONE,*cdrs,*prefix:~Subject:686,,,Subject,*constant,ZONE_3,false,0
masmovil,MASMOVIL_SUBJECT_PREFIX_TRANSLATION_TO_ZONE,*cdrs,*prefix:~Subject:687,,,Subject,*constant,ZONE_3,false,0
masmovil,MASMOVIL_SUBJECT_PREFIX_TRANSLATION_TO_ZONE,*cdrs,*prefix:~Subject:689,,,Subject,*constant,ZONE_3,false,0
masmovil,MASMOVIL_SUBJECT_PREFIX_TRANSLATION_TO_ZONE,*cdrs,*prefix:~Subject:691,,,Subject,*constant,ZONE_3,false,0
masmovil,MASMOVIL_SUBJECT_PREFIX_TRANSLATION_TO_ZONE,*cdrs,*prefix:~Subject:7,,,Subject,*constant,ZONE_3,false,0
masmovil,MASMOVIL_SUBJECT_PREFIX_TRANSLATION_TO_ZONE,*cdrs,*prefix:~Subject:81,,,Subject,*constant,ZONE_3,false,0
masmovil,MASMOVIL_SUBJECT_PREFIX_TRANSLATION_TO_ZONE,*cdrs,*prefix:~Subject:82,,,Subject,*constant,ZONE_3,false,0
masmovil,MASMOVIL_SUBJECT_PREFIX_TRANSLATION_TO_ZONE,*cdrs,*prefix:~Subject:84,,,Subject,*constant,ZONE_3,false,0
masmovil,MASMOVIL_SUBJECT_PREFIX_TRANSLATION_TO_ZONE,*cdrs,*prefix:~Subject:852,,,Subject,*constant,ZONE_3,false,0
masmovil,MASMOVIL_SUBJECT_PREFIX_TRANSLATION_TO_ZONE,*cdrs,*prefix:~Subject:853,,,Subject,*constant,ZONE_3,false,0
masmovil,MASMOVIL_SUBJECT_PREFIX_TRANSLATION_TO_ZONE,*cdrs,*prefix:~Subject:856,,,Subject,*constant,ZONE_3,false,0
masmovil,MASMOVIL_SUBJECT_PREFIX_TRANSLATION_TO_ZONE,*cdrs,*prefix:~Subject:86,,,Subject,*constant,ZONE_3,false,0
masmovil,MASMOVIL_SUBJECT_PREFIX_TRANSLATION_TO_ZONE,*cdrs,*prefix:~Subject:880,,,Subject,*constant,ZONE_3,false,0
masmovil,MASMOVIL_SUBJECT_PREFIX_TRANSLATION_TO_ZONE,*cdrs,*prefix:~Subject:886,,,Subject,*constant,ZONE_3,false,0
masmovil,MASMOVIL_SUBJECT_PREFIX_TRANSLATION_TO_ZONE,*cdrs,*prefix:~Subject:91,,,Subject,*constant,ZONE_3,false,0
masmovil,MASMOVIL_SUBJECT_PREFIX_TRANSLATION_TO_ZONE,*cdrs,*prefix:~Subject:92,,,Subject,*constant,ZONE_3,false,0
masmovil,MASMOVIL_SUBJECT_PREFIX_TRANSLATION_TO_ZONE,*cdrs,*prefix:~Subject:93,,,Subject,*constant,ZONE_3,false,0
masmovil,MASMOVIL_SUBJECT_PREFIX_TRANSLATION_TO_ZONE,*cdrs,*prefix:~Subject:94,,,Subject,*constant,ZONE_3,false,0
masmovil,MASMOVIL_SUBJECT_PREFIX_TRANSLATION_TO_ZONE,*cdrs,*prefix:~Subject:95,,,Subject,*constant,ZONE_3,false,0
masmovil,MASMOVIL_SUBJECT_PREFIX_TRANSLATION_TO_ZONE,*cdrs,*prefix:~Subject:960,,,Subject,*constant,ZONE_3,false,0
masmovil,MASMOVIL_SUBJECT_PREFIX_TRANSLATION_TO_ZONE,*cdrs,*prefix:~Subject:961,,,Subject,*constant,ZONE_3,false,0
masmovil,MASMOVIL_SUBJECT_PREFIX_TRANSLATION_TO_ZONE,*cdrs,*prefix:~Subject:962,,,Subject,*constant,ZONE_3,false,0
masmovil,MASMOVIL_SUBJECT_PREFIX_TRANSLATION_TO_ZONE,*cdrs,*prefix:~Subject:963,,,Subject,*constant,ZONE_3,false,0
masmovil,MASMOVIL_SUBJECT_PREFIX_TRANSLATION_TO_ZONE,*cdrs,*prefix:~Subject:964,,,Subject,*constant,ZONE_3,false,0
masmovil,MASMOVIL_SUBJECT_PREFIX_TRANSLATION_TO_ZONE,*cdrs,*prefix:~Subject:965,,,Subject,*constant,ZONE_3,false,0
masmovil,MASMOVIL_SUBJECT_PREFIX_TRANSLATION_TO_ZONE,*cdrs,*prefix:~Subject:966,,,Subject,*constant,ZONE_3,false,0
masmovil,MASMOVIL_SUBJECT_PREFIX_TRANSLATION_TO_ZONE,*cdrs,*prefix:~Subject:967,,,Subject,*constant,ZONE_3,false,0
masmovil,MASMOVIL_SUBJECT_PREFIX_TRANSLATION_TO_ZONE,*cdrs,*prefix:~Subject:968,,,Subject,*constant,ZONE_3,false,0
masmovil,MASMOVIL_SUBJECT_PREFIX_TRANSLATION_TO_ZONE,*cdrs,*prefix:~Subject:970,,,Subject,*constant,ZONE_3,false,0
masmovil,MASMOVIL_SUBJECT_PREFIX_TRANSLATION_TO_ZONE,*cdrs,*prefix:~Subject:971,,,Subject,*constant,ZONE_3,false,0
masmovil,MASMOVIL_SUBJECT_PREFIX_TRANSLATION_TO_ZONE,*cdrs,*prefix:~Subject:972,,,Subject,*constant,ZONE_3,false,0
masmovil,MASMOVIL_SUBJECT_PREFIX_TRANSLATION_TO_ZONE,*cdrs,*prefix:~Subject:973,,,Subject,*constant,ZONE_3,false,0
masmovil,MASMOVIL_SUBJECT_PREFIX_TRANSLATION_TO_ZONE,*cdrs,*prefix:~Subject:974,,,Subject,*constant,ZONE_3,false,0
masmovil,MASMOVIL_SUBJECT_PREFIX_TRANSLATION_TO_ZONE,*cdrs,*prefix:~Subject:975,,,Subject,*constant,ZONE_3,false,0
masmovil,MASMOVIL_SUBJECT_PREFIX_TRANSLATION_TO_ZONE,*cdrs,*prefix:~Subject:976,,,Subject,*constant,ZONE_3,false,0
masmovil,MASMOVIL_SUBJECT_PREFIX_TRANSLATION_TO_ZONE,*cdrs,*prefix:~Subject:977,,,Subject,*constant,ZONE_3,false,0
masmovil,MASMOVIL_SUBJECT_PREFIX_TRANSLATION_TO_ZONE,*cdrs,*prefix:~Subject:98,,,Subject,*constant,ZONE_3,false,0
masmovil,MASMOVIL_SUBJECT_PREFIX_TRANSLATION_TO_ZONE,*cdrs,*prefix:~Subject:993,,,Subject,*constant,ZONE_3,false,0
masmovil,MASMOVIL_SUBJECT_PREFIX_TRANSLATION_TO_ZONE,*cdrs,*prefix:~Subject:994,,,Subject,*constant,ZONE_3,false,0
masmovil,MASMOVIL_SUBJECT_PREFIX_TRANSLATION_TO_ZONE,*cdrs,*prefix:~Subject:995,,,Subject,*constant,ZONE_3,false,0
masmovil,MASMOVIL_SUBJECT_PREFIX_TRANSLATION_TO_ZONE,*cdrs,*prefix:~Subject:998,,,Subject,*constant,ZONE_3,false,0